{
  "strategy": "high_precision_scale",
  "scale_factor": 4739.336492890995,
  "target_range": 1000000.0,
  "description": "Pixel coordinates scaled to [0, 1000000] for pseudo-wireframe precision",
  "front": {
    "vertices": [
      [
        582938.3886255923,
        630331.7535545024
      ],
      [
        582938.3886255923,
        9478.67298578199
      ],
      [
        568720.3791469194,
        630331.7535545024
      ],
      [
        568720.3791469194,
        4739.336492890995
      ],
      [
        71090.04739336492,
        630331.7535545024
      ],
      [
        71090.04739336492,
        4739.336492890995
      ],
      [
        52132.70142180094,
        203791.46919431278
      ],
      [
        549763.0331753554,
        203791.46919431278
      ],
      [
        47393.36492890995,
        18957.34597156398
      ],
      [
        559241.7061611374,
        18957.34597156398
      ],
      [
        52132.70142180094,
        412322.2748815166
      ],
      [
        554502.3696682464,
        412322.2748815166
      ],
      [
        52132.70142180094,
        611374.4075829383
      ],
      [
        563981.0426540284,
        611374.4075829383
      ],
      [
        52132.70142180094,
        616113.7440758294
      ],
      [
        52132.70142180094,
        137440.75829383885
      ],
      [
        75829.38388625592,
        630331.7535545024
      ],
      [
        578199.0521327014,
        630331.7535545024
      ],
      [
        80568.72037914692,
        426540.2843601896
      ],
      [
        563981.0426540284,
        431279.62085308053
      ],
      [
        393364.9289099526,
        222748.81516587676
      ],
      [
        559241.7061611374,
        222748.81516587676
      ],
      [
        80568.72037914692,
        218009.47867298577
      ],
      [
        388625.5924170616,
        218009.47867298577
      ],
      [
        137440.75829383885,
        0.0
      ],
      [
        383886.2559241706,
        0.0
      ]
    ],
    "edges": [
      [
        0,
        1
      ],
      [
        2,
        3
      ],
      [
        4,
        5
      ],
      [
        6,
        7
      ],
      [
        8,
        9
      ],
      [
        10,
        11
      ],
      [
        12,
        13
      ],
      [
        14,
        15
      ],
      [
        16,
        17
      ],
      [
        18,
        19
      ],
      [
        20,
        21
      ],
      [
        22,
        23
      ],
      [
        24,
        25
      ]
    ]
  },
  "top": {
    "vertices": [
      [
        0.0,
        559241.7061611374
      ],
      [
        838862.5592417062,
        559241.7061611374
      ],
      [
        14218.009478672986,
        578199.0521327014
      ],
      [
        981042.6540284359,
        578199.0521327014
      ],
      [
        4739.336492890995,
        56872.037914691944
      ],
      [
        981042.6540284359,
        56872.037914691944
      ],
      [
        71090.04739336492,
        37914.69194312796
      ],
      [
        274881.5165876777,
        37914.69194312796
      ],
      [
        175355.4502369668,
        42654.028436018954
      ],
      [
        625592.4170616113,
        37914.69194312796
      ],
      [
        327014.21800947865,
        563981.0426540284
      ],
      [
        327014.21800947865,
        42654.028436018954
      ],
      [
        981042.6540284359,
        573459.7156398104
      ],
      [
        981042.6540284359,
        47393.36492890995
      ],
      [
        0.0,
        563981.0426540284
      ],
      [
        0.0,
        61611.37440758294
      ],
      [
        18957.34597156398,
        554502.3696682464
      ],
      [
        18957.34597156398,
        42654.028436018954
      ],
      [
        341232.22748815164,
        554502.3696682464
      ],
      [
        341232.22748815164,
        66350.71090047393
      ],
      [
        966824.644549763,
        559241.7061611374
      ],
      [
        966824.644549763,
        99526.0663507109
      ],
      [
        663507.1090047393,
        549763.0331753554
      ],
      [
        663507.1090047393,
        42654.028436018954
      ],
      [
        639810.4265402843,
        170616.11374407582
      ],
      [
        644549.7630331754,
        563981.0426540284
      ]
    ],
    "edges": [
      [
        0,
        1
      ],
      [
        2,
        3
      ],
      [
        4,
        5
      ],
      [
        6,
        7
      ],
      [
        8,
        9
      ],
      [
        10,
        11
      ],
      [
        12,
        13
      ],
      [
        14,
        15
      ],
      [
        16,
        17
      ],
      [
        18,
        19
      ],
      [
        20,
        21
      ],
      [
        22,
        23
      ],
      [
        24,
        25
      ]
    ]
  },
  "side": {
    "vertices": [
      [
        14218.009478672986,
        616113.7440758294
      ],
      [
        1000000.0,
        616113.7440758294
      ],
      [
        33175.355450236966,
        630331.7535545024
      ],
      [
        33175.355450236966,
        9478.67298578199
      ],
      [
        109004.73933649289,
        635071.0900473933
      ],
      [
        563981.0426540284,
        635071.0900473933
      ],
      [
        715639.8104265402,
        635071.0900473933
      ],
      [
        876777.251184834,
        635071.0900473933
      ],
      [
        492890.9952606635,
        639810.4265402843
      ],
      [
        734597.1563981043,
        639810.4265402843
      ],
      [
        9478.67298578199,
        37914.69194312796
      ],
      [
        9478.67298578199,
        293838.8625592417
      ],
      [
        28436.018957345972,
        9478.67298578199
      ],
      [
        350710.9004739336,
        9478.67298578199
      ],
      [
        345971.56398104265,
        208530.80568720377
      ],
      [
        668246.4454976303,
        208530.80568720377
      ],
      [
        18957.34597156398,
        23696.682464454974
      ],
      [
        360189.57345971564,
        23696.682464454974
      ],
      [
        672985.7819905212,
        431279.62085308053
      ],
      [
        1000000.0,
        431279.62085308053
      ],
      [
        668246.4454976303,
        417061.61137440754
      ],
      [
        985781.990521327,
        417061.61137440754
      ]
    ],
    "edges": [
      [
        0,
        1
      ],
      [
        2,
        3
      ],
      [
        4,
        5
      ],
      [
        6,
        7
      ],
      [
        8,
        9
      ],
      [
        10,
        11
      ],
      [
        12,
        13
      ],
      [
        14,
        15
      ],
      [
        16,
        17
      ],
      [
        18,
        19
      ],
      [
        20,
        21
      ]
    ]
  }
}