{
  "front": {
    "vertices": [
      [
        102.25563832890496,
        110.52631495844875
      ],
      [
        102.25563832890496,
        12.030075097518232
      ],
      [
        99.9999992481203,
        110.52631495844875
      ],
      [
        99.9999992481203,
        11.278195403923343
      ],
      [
        21.052631420656905,
        110.52631495844875
      ],
      [
        21.052631420656905,
        11.278195403923343
      ],
      [
        18.045112646277346,
        42.857142534908704
      ],
      [
        96.99248047374074,
        42.857142534908704
      ],
      [
        17.29323295268246,
        13.533834484708011
      ],
      [
        98.49623986093053,
        13.533834484708011
      ],
      [
        18.045112646277346,
        75.93984905308383
      ],
      [
        97.74436016733563,
        75.93984905308383
      ],
      [
        18.045112646277346,
        107.5187961840692
      ],
      [
        99.24811955452542,
        107.5187961840692
      ],
      [
        18.045112646277346,
        108.27067587766409
      ],
      [
        18.045112646277346,
        32.33082682458025
      ],
      [
        21.804511114251795,
        110.52631495844875
      ],
      [
        101.50375863531008,
        110.52631495844875
      ],
      [
        22.556390807846686,
        78.19548813386851
      ],
      [
        99.24811955452542,
        78.9473678274634
      ],
      [
        72.18045058510938,
        45.86466130928826
      ],
      [
        98.49623986093053,
        45.86466130928826
      ],
      [
        22.556390807846686,
        45.11278161569337
      ],
      [
        71.4285708915145,
        45.11278161569337
      ],
      [
        31.57894713098536,
        10.526315710328452
      ],
      [
        70.67669119791961,
        10.526315710328452
      ]
    ],
    "edges": [
      [
        0,
        1
      ],
      [
        2,
        3
      ],
      [
        4,
        5
      ],
      [
        6,
        7
      ],
      [
        8,
        9
      ],
      [
        10,
        11
      ],
      [
        12,
        13
      ],
      [
        14,
        15
      ],
      [
        16,
        17
      ],
      [
        18,
        19
      ],
      [
        20,
        21
      ],
      [
        22,
        23
      ],
      [
        24,
        25
      ]
    ]
  },
  "top": {
    "vertices": [
      [
        6.280193206375878,
        63.76811563397045
      ],
      [
        91.78743917010898,
        63.76811563397045
      ],
      [
        7.7294685616933885,
        65.7004827743938
      ],
      [
        106.28019272328409,
        65.7004827743938
      ],
      [
        6.763284991481715,
        12.560386412751756
      ],
      [
        106.28019272328409,
        12.560386412751756
      ],
      [
        13.52656998296343,
        10.628019272328409
      ],
      [
        34.29951674251441,
        10.628019272328409
      ],
      [
        24.15458925529184,
        11.111111057434245
      ],
      [
        70.04830884034634,
        10.628019272328409
      ],
      [
        39.613526378678614,
        64.2512074190763
      ],
      [
        39.613526378678614,
        11.111111057434245
      ],
      [
        106.28019272328409,
        65.21739098928796
      ],
      [
        106.28019272328409,
        11.594202842540083
      ],
      [
        6.280193206375878,
        64.2512074190763
      ],
      [
        6.280193206375878,
        13.043478197857594
      ],
      [
        8.212560346799226,
        63.28502384886462
      ],
      [
        8.212560346799226,
        11.111111057434245
      ],
      [
        41.062801733996125,
        63.28502384886462
      ],
      [
        41.062801733996125,
        13.52656998296343
      ],
      [
        104.83091736796658,
        63.76811563397045
      ],
      [
        104.83091736796658,
        16.908212478704286
      ],
      [
        73.91304312119303,
        62.801932063758784
      ],
      [
        73.91304312119303,
        11.111111057434245
      ],
      [
        71.49758419566385,
        24.15458925529184
      ],
      [
        71.98067598076967,
        64.2512074190763
      ]
    ],
    "edges": [
      [
        0,
        1
      ],
      [
        2,
        3
      ],
      [
        4,
        5
      ],
      [
        6,
        7
      ],
      [
        8,
        9
      ],
      [
        10,
        11
      ],
      [
        12,
        13
      ],
      [
        14,
        15
      ],
      [
        16,
        17
      ],
      [
        18,
        19
      ],
      [
        20,
        21
      ],
      [
        22,
        23
      ],
      [
        24,
        25
      ]
    ]
  },
  "side": {
    "vertices": [
      [
        7.6555023557153,
        68.89952120143771
      ],
      [
        107.1770329800142,
        68.89952120143771
      ],
      [
        9.569377944644126,
        70.33492789313432
      ],
      [
        9.569377944644126,
        7.6555023557153
      ],
      [
        17.224880300359427,
        70.81339679036653
      ],
      [
        63.157894434651226,
        70.81339679036653
      ],
      [
        78.46889914608182,
        70.81339679036653
      ],
      [
        94.73684165197685,
        70.81339679036653
      ],
      [
        55.98086097616813,
        71.29186568759873
      ],
      [
        80.38277473501066,
        71.29186568759873
      ],
      [
        7.177033458483094,
        10.526315739108538
      ],
      [
        7.177033458483094,
        36.36363618964768
      ],
      [
        9.09090904741192,
        7.6555023557153
      ],
      [
        41.62679405920194,
        7.6555023557153
      ],
      [
        41.14832516196974,
        27.751196039467963
      ],
      [
        73.68421017375977,
        27.751196039467963
      ],
      [
        8.133971252947507,
        9.09090904741192
      ],
      [
        42.58373185366636,
        9.09090904741192
      ],
      [
        74.16267907099197,
        50.23923420938166
      ],
      [
        107.1770329800142,
        50.23923420938166
      ],
      [
        73.68421017375977,
        48.803827517685036
      ],
      [
        105.74162628831758,
        48.803827517685036
      ]
    ],
    "edges": [
      [
        0,
        1
      ],
      [
        2,
        3
      ],
      [
        4,
        5
      ],
      [
        6,
        7
      ],
      [
        8,
        9
      ],
      [
        10,
        11
      ],
      [
        12,
        13
      ],
      [
        14,
        15
      ],
      [
        16,
        17
      ],
      [
        18,
        19
      ],
      [
        20,
        21
      ]
    ]
  }
}