{
  "front": {
    "vertices": [
      [
        1.0,
        1.0
      ],
      [
        1.0,
        0.015037593984962405
      ],
      [
        0.9732142857142857,
        1.0
      ],
      [
        0.9732142857142857,
        0.007518796992481203
      ],
      [
        0.03571428571428571,
        1.0
      ],
      [
        0.03571428571428571,
        0.007518796992481203
      ],
      [
        0.0,
        0.3233082706766917
      ],
      [
        0.9375,
        0.3233082706766917
      ],
      [
        0.05357142857142857,
        0.03007518796992481
      ],
      [
        0.9553571428571429,
        0.03007518796992481
      ],
      [
        0.0625,
        0.6541353383458647
      ],
      [
        0.9464285714285714,
        0.6541353383458647
      ],
      [
        0.0,
        0.9699248120300752
      ],
      [
        0.9642857142857143,
        0.9699248120300752
      ],
      [
        0.0,
        0.9774436090225563
      ],
      [
        0.0,
        0.21804511278195488
      ],
      [
        0.044642857142857144,
        1.0
      ],
      [
        0.9910714285714286,
        1.0
      ],
      [
        0.05357142857142857,
        0.6766917293233082
      ],
      [
        0.9642857142857143,
        0.6842105263157895
      ],
      [
        0.6428571428571429,
        0.3533834586466165
      ],
      [
        0.9553571428571429,
        0.3533834586466165
      ],
      [
        0.20535714285714285,
        0.3458646616541353
      ],
      [
        0.6339285714285714,
        0.3458646616541353
      ],
      [
        0.16071428571428573,
        0.0
      ],
      [
        0.48214285714285715,
        0.0
      ]
    ],
    "edges": [
      [
        0,
        1
      ],
      [
        2,
        3
      ],
      [
        4,
        5
      ],
      [
        6,
        7
      ],
      [
        8,
        9
      ],
      [
        10,
        11
      ],
      [
        12,
        13
      ],
      [
        14,
        15
      ],
      [
        16,
        17
      ],
      [
        18,
        19
      ],
      [
        20,
        21
      ],
      [
        22,
        23
      ],
      [
        24,
        25
      ]
    ],
    "metadata": {
      "path": "../data/FRONT_T.png",
      "width": 167,
      "height": 167,
      "aspect_ratio": 1.0,
      "diagonal": 236.17366491630688
    }
  },
  "top": {
    "vertices": [
      [
        0.0,
        0.9649122807017544
      ],
      [
        0.855072463768116,
        0.9649122807017544
      ],
      [
        0.014492753623188406,
        1.0
      ],
      [
        1.0,
        1.0
      ],
      [
        0.004830917874396135,
        0.03508771929824561
      ],
      [
        1.0,
        0.03508771929824561
      ],
      [
        0.07246376811594203,
        0.0
      ],
      [
        0.22705314009661837,
        0.0
      ],
      [
        0.391304347826087,
        0.0
      ],
      [
        0.6376811594202898,
        0.0
      ],
      [
        0.2318840579710145,
        0.008771929824561403
      ],
      [
        0.4057971014492754,
        0.008771929824561403
      ],
      [
        0.3333333333333333,
        0.9736842105263158
      ],
      [
        0.3333333333333333,
        0.008771929824561403
      ],
      [
        1.0,
        0.9912280701754386
      ],
      [
        1.0,
        0.017543859649122806
      ],
      [
        0.0,
        0.9736842105263158
      ],
      [
        0.0,
        0.043859649122807015
      ],
      [
        0.01932367149758454,
        0.956140350877193
      ],
      [
        0.01932367149758454,
        0.008771929824561403
      ],
      [
        0.34782608695652173,
        0.956140350877193
      ],
      [
        0.34782608695652173,
        0.008771929824561403
      ],
      [
        0.9855072463768116,
        0.9649122807017544
      ],
      [
        0.9855072463768116,
        0.11403508771929824
      ],
      [
        0.6763285024154589,
        0.9473684210526315
      ],
      [
        0.6763285024154589,
        0.008771929824561403
      ],
      [
        0.6521739130434783,
        0.24561403508771928
      ],
      [
        0.6570048309178744,
        0.9736842105263158
      ]
    ],
    "edges": [
      [
        0,
        1
      ],
      [
        2,
        3
      ],
      [
        4,
        5
      ],
      [
        6,
        7
      ],
      [
        8,
        9
      ],
      [
        10,
        11
      ],
      [
        12,
        13
      ],
      [
        14,
        15
      ],
      [
        16,
        17
      ],
      [
        18,
        19
      ],
      [
        20,
        21
      ],
      [
        22,
        23
      ],
      [
        24,
        25
      ],
      [
        26,
        27
      ]
    ],
    "metadata": {
      "path": "../data/TOP_T.png",
      "width": 239,
      "height": 152,
      "aspect_ratio": 1.5723684210526316,
      "diagonal": 283.24018076537095
    }
  },
  "side": {
    "vertices": [
      [
        0.004784688995215311,
        0.9624060150375939
      ],
      [
        1.0,
        0.9624060150375939
      ],
      [
        0.023923444976076555,
        0.9849624060150376
      ],
      [
        0.023923444976076555,
        0.0
      ],
      [
        0.10047846889952153,
        0.9924812030075187
      ],
      [
        0.48325358851674644,
        0.9924812030075187
      ],
      [
        0.7129186602870813,
        0.9924812030075187
      ],
      [
        0.8755980861244019,
        0.9924812030075187
      ],
      [
        0.4880382775119617,
        1.0
      ],
      [
        0.7320574162679426,
        1.0
      ],
      [
        0.0,
        0.045112781954887216
      ],
      [
        0.0,
        0.45112781954887216
      ],
      [
        0.019138755980861243,
        0.0
      ],
      [
        0.3444976076555024,
        0.0
      ],
      [
        0.3397129186602871,
        0.3157894736842105
      ],
      [
        0.6650717703349283,
        0.3157894736842105
      ],
      [
        0.009569377990430622,
        0.022556390977443608
      ],
      [
        0.35406698564593303,
        0.022556390977443608
      ],
      [
        0.6698564593301436,
        0.6691729323308271
      ],
      [
        1.0,
        0.6691729323308271
      ],
      [
        0.6650717703349283,
        0.6466165413533834
      ],
      [
        0.9856459330143541,
        0.6466165413533834
      ]
    ],
    "edges": [
      [
        0,
        1
      ],
      [
        2,
        3
      ],
      [
        4,
        5
      ],
      [
        6,
        7
      ],
      [
        8,
        9
      ],
      [
        10,
        11
      ],
      [
        12,
        13
      ],
      [
        14,
        15
      ],
      [
        16,
        17
      ],
      [
        18,
        19
      ],
      [
        20,
        21
      ]
    ],
    "metadata": {
      "path": "../data/SIDE_T.png",
      "width": 243,
      "height": 169,
      "aspect_ratio": 1.4378698224852071,
      "diagonal": 295.98986469134377
    }
  },
  "coordinates": {
    "x": [
      0.0,
      0.005,
      0.014,
      0.019,
      0.036,
      0.045,
      0.054,
      0.062,
      0.072,
      0.161,
      0.205,
      0.227,
      0.232,
      0.333,
      0.348,
      0.391,
      0.406,
      0.482,
      0.634,
      0.638,
      0.643,
      0.652,
      0.657,
      0.676,
      0.855,
      0.938,
      0.946,
      0.955,
      0.964,
      0.973,
      0.986,
      0.991,
      1.0
    ],