{
  "strategy": "normalized_to_common_space",
  "scale": 100,
  "description": "All coordinates normalized to [0,1] per view, then scaled to [0,100]",
  "front": {
    "vertices": [
      [
        100.0,
        100.0
      ],
      [
        100.0,
        1.5037593984962405
      ],
      [
        97.34513274336283,
        100.0
      ],
      [
        97.34513274336283,
        0.7518796992481203
      ],
      [
        4.424778761061947,
        100.0
      ],
      [
        4.424778761061947,
        0.7518796992481203
      ],
      [
        0.8849557522123894,
        32.33082706766917
      ],
      [
        93.80530973451327,
        32.33082706766917
      ],
      [
        0.0,
        3.007518796992481
      ],
      [
        95.57522123893806,
        3.007518796992481
      ],
      [
        0.8849557522123894,
        65.41353383458647
      ],
      [
        94.69026548672566,
        65.41353383458647
      ],
      [
        0.8849557522123894,
        96.99248120300751
      ],
      [
        96.46017699115043,
        96.99248120300751
      ],
      [
        0.8849557522123894,
        97.74436090225564
      ],
      [
        0.8849557522123894,
        21.804511278195488
      ],
      [
        5.3097345132743365,
        100.0
      ],
      [
        99.11504424778761,
        100.0
      ],
      [
        6.1946902654867255,
        67.66917293233082
      ],
      [
        96.46017699115043,
        68.42105263157895
      ],
      [
        64.60176991150442,
        35.338345864661655
      ],
      [
        95.57522123893806,
        35.338345864661655
      ],
      [
        6.1946902654867255,
        34.58646616541353
      ],
      [
        63.716814159292035,
        34.58646616541353
      ],
      [
        16.8141592920354,
        0.0
      ],
      [
        62.83185840707964,
        0.0
      ]
    ],
    "edges": [
      [
        0,
        1
      ],
      [
        2,
        3
      ],
      [
        4,
        5
      ],
      [
        6,
        7
      ],
      [
        8,
        9
      ],
      [
        10,
        11
      ],
      [
        12,
        13
      ],
      [
        14,
        15
      ],
      [
        16,
        17
      ],
      [
        18,
        19
      ],
      [
        20,
        21
      ],
      [
        22,
        23
      ],
      [
        24,
        25
      ]
    ],
    "pixel_ranges": {
      "x": [
        23.0,
        136.0
      ],
      "y": [
        14.0,
        147.0
      ]
    }
  },
  "top": {
    "vertices": [
      [
        0.0,
        96.49122807017544
      ],
      [
        85.5072463768116,
        96.49122807017544
      ],
      [
        1.4492753623188406,
        100.0
      ],
      [
        100.0,
        100.0
      ],
      [
        0.4830917874396135,
        3.508771929824561
      ],
      [
        100.0,
        3.508771929824561
      ],
      [
        7.246376811594203,
        0.0
      ],
      [
        28.019323671497588,
        0.0
      ],
      [
        17.874396135265698,
        0.8771929824561403
      ],
      [
        63.76811594202898,
        0.0
      ],
      [
        33.33333333333333,
        97.36842105263158
      ],
      [
        33.33333333333333,
        0.8771929824561403
      ],
      [
        100.0,
        99.12280701754386
      ],
      [
        100.0,
        1.7543859649122806
      ],
      [
        0.0,
        97.36842105263158
      ],
      [
        0.0,
        4.385964912280701
      ],
      [
        1.932367149758454,
        95.6140350877193
      ],
      [
        1.932367149758454,
        0.8771929824561403
      ],
      [
        34.78260869565217,
        95.6140350877193
      ],
      [
        34.78260869565217,
        5.263157894736842
      ],
      [
        98.55072463768117,
        96.49122807017544
      ],
      [
        98.55072463768117,
        11.403508771929824
      ],
      [
        67.6328502415459,
        94.73684210526315
      ],
      [
        67.6328502415459,
        0.8771929824561403
      ],
      [
        65.21739130434783,
        24.561403508771928
      ],
      [
        65.70048309178745,
        97.36842105263158
      ]
    ],
    "edges": [
      [
        0,
        1
      ],
      [
        2,
        3
      ],
      [
        4,
        5
      ],
      [
        6,
        7
      ],
      [
        8,
        9
      ],
      [
        10,
        11
      ],
      [
        12,
        13
      ],
      [
        14,
        15
      ],
      [
        16,
        17
      ],
      [
        18,
        19
      ],
      [
        20,
        21
      ],
      [
        22,
        23
      ],
      [
        24,
        25
      ]
    ],
    "pixel_ranges": {
      "x": [
        13.0,
        220.0
      ],
      "y": [
        22.0,
        136.0
      ]
    }
  },
  "side": {
    "vertices": [
      [
        0.4784688995215311,
        96.2406015037594
      ],
      [
        100.0,
        96.2406015037594
      ],
      [
        2.3923444976076556,
        98.49624060150376
      ],
      [
        2.3923444976076556,
        0.0
      ],
      [
        10.047846889952153,
        99.24812030075188
      ],
      [
        55.980861244019145,
        99.24812030075188
      ],
      [
        71.29186602870813,
        99.24812030075188
      ],
      [
        87.5598086124402,
        99.24812030075188
      ],
      [
        48.803827751196174,
        100.0
      ],
      [
        73.20574162679426,
        100.0
      ],
      [
        0.0,
        4.511278195488721
      ],
      [
        0.0,
        45.11278195488722
      ],
      [
        1.9138755980861244,
        0.0
      ],
      [
        34.44976076555024,
        0.0
      ],
      [
        33.97129186602871,
        31.57894736842105
      ],
      [
        66.50717703349282,
        31.57894736842105
      ],
      [
        0.9569377990430622,
        2.2556390977443606
      ],
      [
        35.406698564593306,
        2.2556390977443606
      ],
      [
        66.98564593301435,
        66.9172932330827
      ],
      [
        100.0,
        66.9172932330827
      ],
      [
        66.50717703349282,
        64.66165413533834
      ],
      [
        98.56459330143541,
        64.66165413533834
      ]
    ],
    "edges": [
      [
        0,
        1
      ],
      [
        2,
        3
      ],
      [
        4,
        5
      ],
      [
        6,
        7
      ],
      [
        8,
        9
      ],
      [
        10,
        11
      ],
      [
        12,
        13
      ],
      [
        14,
        15
      ],
      [
        16,
        17
      ],
      [
        18,
        19
      ],
      [
        20,
        21
      ]
    ],
    "pixel_ranges": {
      "x": [
        15.0,
        224.0
      ],
      "y": [
        16.0,
        149.0
      ]
    }
  }
}