{
  "front": {
    "vertices": [
      [
        0.5766192733017377,
        0.9851851851851852
      ],
      [
        0.5829383886255924,
        0.014814814814814815
      ],
      [
        0.5687203791469194,
        0.007407407407407408
      ],
      [
        0.07345971563981042,
        0.9851851851851852
      ],
      [
        0.07109004739336493,
        0.007407407407407408
      ],
      [
        0.052132701421800945,
        0.31851851851851853
      ],
      [
        0.5497630331753555,
        0.31851851851851853
      ],
      [
        0.04739336492890995,
        0.02962962962962963
      ],
      [
        0.5592417061611374,
        0.02962962962962963
      ],
      [
        0.052132701421800945,
        0.6444444444444445
      ],
      [
        0.5545023696682464,
        0.6444444444444445
      ],
      [
        0.052132701421800945,
        0.9592592592592593
      ],
      [
        0.5639810426540285,
        0.9555555555555556
      ],
      [
        0.052132701421800945,
        0.21481481481481482
      ],
      [
        0.08056872037914692,
        0.6666666666666666
      ],
      [
        0.5639810426540285,
        0.674074074074074
      ],
      [
        0.3909952606635071,
        0.34444444444444444
      ],
      [
        0.5592417061611374,
        0.34814814814814815
      ],
      [
        0.08056872037914692,
        0.34074074074074073
      ],
      [
        0.13744075829383887,
        0.0
      ],
      [
        0.38388625592417064,
        0.0
      ]
    ],
    "edges": [
      [
        0,
        0
      ]
    ]
  },
  "top": {
    "vertices": [
      [
        0.0,
        0.8777777777777778
      ],
      [
        0.8388625592417062,
        0.8740740740740741
      ],
      [
        0.014218009478672985,
        0.9037037037037037
      ],
      [
        0.981042654028436,
        0.9
      ],
      [
        0.002369668246445498,
        0.09259259259259259
      ],
      [
        0.981042654028436,
        0.08148148148148149
      ],
      [
        0.07109004739336493,
        0.05925925925925926
      ],
      [
        0.27488151658767773,
        0.05925925925925926
      ],
      [
        0.17535545023696683,
        0.06666666666666667
      ],
      [
        0.6255924170616114,
        0.05925925925925926
      ],
      [
        0.32701421800947866,
        0.8814814814814815
      ],
      [
        0.32701421800947866,
        0.06666666666666667
      ],
      [
        0.018957345971563982,
        0.8666666666666667
      ],
      [
        0.018957345971563982,
        0.06666666666666667
      ],
      [
        0.3412322274881517,
        0.8666666666666667
      ],
      [
        0.3412322274881517,
        0.1037037037037037
      ],
      [
        0.966824644549763,
        0.8740740740740741
      ],
      [
        0.966824644549763,
        0.15555555555555556
      ],
      [
        0.6635071090047393,
        0.8592592592592593
      ],
      [
        0.6635071090047393,
        0.06666666666666667
      ],
      [
        0.6398104265402843,
        0.26666666666666666
      ],
      [
        0.6445497630331753,
        0.8814814814814815
      ]
    ],
    "edges": [
      [
        3,
        3
      ]
    ]
  },
  "side": {
    "vertices": [
      [
        0.014218009478672985,
        0.9629629629629629
      ],
      [
        1.0,
        0.9629629629629629
      ],
      [
        0.03317535545023697,
        0.9851851851851852
      ],
      [
        0.030805687203791468,
        0.014814814814814815
      ],
      [
        0.10900473933649289,
        0.9925925925925926
      ],
      [
        0.5639810426540285,
        0.9925925925925926
      ],
      [
        0.7156398104265402,
        0.9925925925925926
      ],
      [
        0.8767772511848341,
        0.9925925925925926
      ],
      [
        0.4928909952606635,
        1.0
      ],
      [
        0.7345971563981043,
        1.0
      ],
      [
        0.009478672985781991,
        0.05925925925925926
      ],
      [
        0.009478672985781991,
        0.45925925925925926
      ],
      [
        0.35071090047393366,
        0.014814814814814815
      ],
      [
        0.3459715639810427,
        0.32592592592592595
      ],
      [
        0.6682464454976303,
        0.32592592592592595
      ],
      [
        0.018957345971563982,
        0.037037037037037035
      ],
      [
        0.36018957345971564,
        0.037037037037037035
      ],
      [
        0.6729857819905213,
        0.674074074074074
      ],
      [
        1.0,
        0.674074074074074
      ],
      [
        0.6682464454976303,
        0.6518518518518519
      ],
      [
        0.985781990521327,
        0.6518518518518519
      ]
    ],
    "edges": [
      [
        1,
        7
      ],
      [
        1,
        1
      ]
    ]
  }
}